﻿{"cameraMode":{"drawMode":0,"name":"Shaded","section":"Shading Mode"},"sceneLighting":true,"audioPlay":false,"sceneViewState":{"m_AlwaysRefresh":false,"showFog":true,"showSkybox":true,"showFlares":true,"showImageEffects":true,"showParticleSystems":true,"showVisualEffectGraphs":true,"m_FxEnabled":true},"in2DMode":false,"pivot":{"x":-2.141939878463745,"y":0.5571132302284241,"z":-15.123504638671875},"rotation":{"x":0.013817821629345417,"y":-0.9728018641471863,"z":0.06020525470376015,"w":0.22327129542827607},"size":14.07498550415039,"orthographic":false}